Topic,Count,Name,Representation,Representative_Docs
-1,58,-1_the_to_on_and,"['the', 'to', 'on', 'and', 'of', 'bruce', 'he', 'is', 'in', 'we']","[""I called him at home last night.  His absence from the office this week was somewhat unplanned.  He is at home with his kids as his mother inlaw is taking a break for the week (remember, he has four kids, including a two-month old baby and his son Erik who has had a variety of health problems).  He is planning on coming in at the end of the week to interview some internal people for a job on the services desk.  I agree that it looks like he is out of here, but he gave me no indication.  I think that we should sit tight for a few days.  I will know when he's coming in to do the services interviews.  Perhaps Amy should have a conversation with him at that time."", ""Crandall done\nBadeer done\nSwerzbin submitted comments on Monday;  feedback will be given to him today - some met some not;  Mike's comments on our feedback due on Monday;  should be in a position to execute next week.\nHeizenrader is good on numbers and still talking language.  Final issues relate to language about breaking laws or regulations and all of the accusations that are out there about Enron and it's employees breaking laws and regulations.  Michele Cash has talked to Sanders and Haedicke about this stuff.  Tim H., Michele, Amy Fitzpatrick (HR Generalist in PDX) and I met today.  We think that we have arrived at language that will work for everyone.  Ball is in Michele's court to turn another draft around to us.\nBelden - I am good on the numbers.  I have have concerns about indemnity against California and West Power related lawsuits.  I also want to formalize the arrangement that I have with Haedicke with respect to Enron covering my legal fees associated with the west power investigations.  Michele is going to take a cut at some language.  She also needs to convince me that I am covered by the Directors and Officers indemnifications which are part of Enron's bylaws and Delaware law.\nRichter - he's been lame about giving me his comments.  I've been lame about riding him on it.  I will do that today.\nWolfe - Greg currently is considering offers from Calpine, AEP, and Enron.  AEP is offering significantly more money.  Greg needs to decide where he wants to work and who he wants to work with.  There is a very real chance that we lose him.  However, we've shown his a great bid, so we will just have to get by if he leaves for a lot of money.  When I say a lot, he is talking about guaranteed 600k per year, roughly.\nMotley - has declined our offer.  The total numbers looked good, but he doesn't like Enron options.  If we took his Option value and put it into cash or restricted stock he would be done.  I mentioned it to John and he didn't want to do that.  On the one hand, if that will get him done I think that it's a great outcome.  On the other, we showed him some good numbers and I respect the fact that John wants to keep things consistent.  Tough call.  He did mention that if Enron's Treasury department would let him gamma trade his options withodd lots and no margin requirement that he would take the options.  He has a legitimate point that he has no way of assuring that he can achieve the value of the options.  It's also very hard to argue with an options trader on this point."", '---------------------- Forwarded by Kevin M Presto/HOU/ECT on 07/11/2000 \n09:47 AM ---------------------------\n\n\nGeorge Hopley\n07/11/2000 09:47 AM\nTo: Kevin M Presto/HOU/ECT@ECT, Tom May/Corp/Enron@Enron\ncc:  \nSubject: Bruce\n\nOntario Power Generation and Bruce Power announce leasing agreement at Bruce \nNuclear \n\n    KINCARDINE, ON, July 11 /CNW-PRN/ - Ontario Power Generation (OPG) today\nannounced it has entered into a major agreement with Bruce Power Partnership\nrelating to the facilities at the Bruce nuclear site. Bruce Power is 95% owned\nby British Energy plc. The transaction provides an opportunity for the two\nmain unions, the Power Workers\' Union and The Society of Energy Professionals\non the Bruce site, to subscribe to 5% of the equity.\n    This public/private partnership involves a long-term lease agreement for\nthe Bruce A (3076 MW-currently in lay-up), and Bruce B (3140 MW) facilities.\nThe lease runs until 2018, with an option to extend for up to another 25\nyears. OPG will receive an initial payment of $625 M to be made in three\ninstallments. A first payment of $400 M will be made on closing subject to\nnormal closing adjustments. The remaining $225 M will be paid in two\ninstallments of $112.5 M each.\n    Bruce Power\'s annual payments include base and variable elements. The\nvariable elements include a share of the net revenue, and supplementary\npayments for the management of used fuel. In total these payments are\nestimated to be about $150 M in calendar year 2002.\n    Bruce Power will offer employment to all employees at the Bruce site,\nother than those being retained by OPG. Employees remaining with OPG include\nthose that provide waste management and centralized nuclear operations support\nservices. The agreement is expected to close, subject to Bruce Power obtaining\nthe necessary licences, in the summer of 2001.\n    ""Today\'s announcement is good news for employees, the community, the\nelectricity consumer and the shareholder"" stated Ron Osborne, OPG President\nand CEO. ""This agreement injects private equity into the Bruce facilities\nwhich in turn will provide new opportunities for employees and the community.\nIt is also a major step towards opening the Ontario electricity marketplace to\ncompetition and providing electricity consumers with choice."" Osborne noted\nthat an additional benefit of the agreement allows OPG to concentrate on\naccelerating the performance improvements underway at its Darlington and\nPickering nuclear facilities while the new company focuses on the Bruce.\n    Nuclear safety continues to be of paramount importance for Ontario Power\nGeneration, and safety has been a key tenet for British Energy. Both companies\nare committed to ensuring high safety performance standards.\n    ""We are delighted to be announcing the creation of a new company. Bruce\nPower will demonstrate that safety and commercial success go hand in hand,""\nsaid Robin Jeffrey, Chairman and Chief Executive Officer of British Energy\nCanada Ltd. ""We have a high regard for CANDU technology and for the skill of\nthe staff at Bruce. We are confident that by working with the staff and the\nunions, Bruce Power can achieve world class safety and commercial\nperformance.""\n    To reduce its market dominance, OPG is required by conditions in its\noperating licence granted by the Ontario Energy Board (OEB), to reduce its\nshare of generating capacity to no more than 35 per cent of that available to\nthe province 10 years after the market opens.\n    British Energy was selected following an extensive worldwide competitive\nprocess over the last two years. They have significant operating experience\nand a proven safety track record with a range of nuclear reactor types.\n    To close the transaction, Bruce Power will be required to secure licences\nfrom the Canadian Nuclear Safety Commission (CNSC) and the Ontario Energy\nBoard. Bruce Power will be required to follow the stringent licensing and\noperating requirements established by CNSC, formerly the Atomic Energy Control\nBoard.\n    Ontario Power Generation is a major North American electricity generating\ncompany. OPG\'s principal business is the generation and sale of electricity to\nconsumers in Ontario and into the interconnected markets. OPG\'s goal is to be\na premier North American energy company, focused on low-cost power generation\nand wholesale energy sales, while operating in a safe, open and\nenvironmentally responsible manner.\n    British Energy PLC is the UK\'s largest electricity generator. British\nEnergy owns and operates 15 reactors in the UK and a further two in the United\nStates through its joint venture, AmerGen. British Energy\'s goal is to be a\nworldwide electricity leader building on its ""Safety First"" culture and track\nrecord of commercial success.\n\n\n    BACKGROUNDER INDEX\n    ------------------\n\n    Safety:\n\n    1.  OPG\'S COMMITMENT TO NUCLEAR SAFETY\n    2.  BRUCE NUCLEAR - SAFETY IS NUMBER ONE\n    3.  INFORMATION ON CANDU REACTORS\n    4.  EMERGENCY PLANNING IN ONTARIO\n\n\n    Financial:\n\n    5.  OPG/BRUCE POWER LEASE AGREEMENT\n    6.  NUCLEAR USED FUEL, WASTE MANAGEMENT AND\n        DECOMMISSIONING\n    7.  CHRONOLOGY OF THE PUBLIC/PRIVATE PARTNERSHIP PROCESS\n\n    Employees:\n\n    8.  WHAT HAPPENS TO EMPLOYEES\n\n    Transition:\n    9.  REDUCING MARKET DOMINANCE\n    10. TRANSITION ARRANGEMENTS\n    11. NEXT STEPS\n\n\n    General.\n    12. ONTARIO POWER GENERATION\n    13. QUICK FACTS ON BRUCE NUCLEAR POWER DEVELOPMENT\n\n\n\nSOURCE Ontario Power Generation Inc.']"
0,67,0_to_the_and_of,"['to', 'the', 'and', 'of', 'that', 'will', 'for', 'be', 'is', 'have']","['highlights of my discussion with dave:\nhe wants an ""opportunity"" to originate out of the ees positions.  for example, the harrah\'s deal generated approximately $16 million relative to the mid, of which $4 went to ees.  he wants a chance to back this deal with his sourcing group.\nhe was unable to offer any definition around what the word ""opportunity"" means.  one interpretation of ""opportunity"" is that they get a head start, say three months to back a deal where neither west mm or west orig works on that deal for three months.  another interpretation is that west mm and west orig aren\'t allowed to talk to certain wholesale customers, for example the generators.  both of these are bad ideas.\ni asked him why enron would want to keep its most talented origination resources on the sidelines for any period of time in order to let the kid brother (ees) have a ""fair"" chance at winning a deal.  i also asked him if he thought his crack squad could compete with the capabilities that we have developed in the west.  his answer was no.\ni told dave that as the manager of the retail risk book i don\'t care who originates out of the transaction.  my thinking is that i give a copy of the harrah\'s contract to calger, foster, and delainey.  whoever gets us out first gets paid orig.  if people want to coordinate then that\'s fine.  if they want to compete head to head then that\'s fine.  speaking for portland, i would expect that west mm and orig would coordinate.\ndave then said that he ""gave"" us the risk function and insinuated that we owed him something in return.  i indicated that i was willing to give it back and return to my simple life managing the west wholesale trading desk if that\'s what he wanted.  i think he took offense to that comment.\nwe hung up with no resolution.  dave called me back and proposed that we let anyone originate out of the position.  however, the origination dollars would go to ees profit center with the west mm or origination person getting the credit for that.  he talked about ees and the stock price and the billion dollar business.  my guys (i\'m not speaking for chris here) don\'t care where the origination dollars go to so long as they get paid for bringing value.\ni suggested that he work it out with you and that i would be looking for direction from you.\n\ni\'m pretty sure that dave will characterize our conversation as though we are in a agreement and that we are ready to move forward.  i would say that we agree that we need to get the best people originating out of these deals.  i would rather that the money for orig stay with whoever originated it.  i can live with a variety of outcomes.  i\'ll sit tight and wait for direction from you.', ""I thought I would try to summarize our meeting this week and document a list \nof agreed apon tasks.\n\n1.  The Unify system is on the brink of disaster and everyone agrees that we \nhave huge business risk if it blows up. \n\n -->  Sally and Beth are going to document the steps we are taking to \nmaintain the system and minimize the chances of a failure.  \n        (everyone understands that this is a difficult task but it sounds \nlike it should be a high priority)\n\n2.  The database to run the gas books takes way too long and is leading to \nlong hours on the part of our back office staff.  \n\n -->  Beth is moving from Sun-O-S to Sun-Sularis which should allow us to \naddress the problem.  We have 4 contractors working on this and we are \nexpecting it to take 6 weeks.  Once this project is complete we can add \nhardware and reduce the time problems.\n\n3.   The traders need better real time management tools that ultimately \ncombine their physical and financial trades together and identify their real \ntime risk.\nTDS was a system that was built to help this however it does not meet all the \ntraders needs.  This ultimately needs to be a system that is commissioned by \nthe               traders to meet their needs. \n\n -->  Phillip Allen is going to prepare a list of trader needs in \nconsultation with all the gas desks heads.   After this Beth should try to \ncome up with a plan to get a system that meets all the traders needs.\n\n4.  The power system is unstable and fails on a regular basis.  This is \nleading to long hours on the part of our back office staff.  Beth has made \nprogress in this area and we are going to monitor the improvements over the \nnext 4 to 6 weeks to see if the improvements prove to be working.\n\n5.  Steve Natt  is going to put a plan together that meets with Kevin \nPresto's approval that addresses our needs with respect to all-requirements \ndeals and volume management deals in the east.\n\n6.  There will be no more business trips to London (somewhat kidding).\n\n7.  Portland has issues with speed do to the fact that we still run their \nbooks through an interface with Houston.  \n\n -->  John Lavorato will talk to Tim Beldon and Beth to determine whether its \nworthwile to put servers in Portland.    \n\n -->  Since Tim was not in the meeting, John will make sure we are covering \nall his needs."", ""It is a little bit funny and a little bit sad watching the technology group try to get buyoff from Louise and the business units on 2002 budgets.  It is unbelievable that we can't get a project-based capital and expense budget for next year where someone like me can say I signed up for these 5 projects and willing to do them at such and such a cost.  If the project costs more then I'm not interested.  While there is definitely room for improvement on the technology side, the commercial side has room for improvement as well.\n\nWe had a very useful EES Risk / Wholesale Risk technology meeting on Friday.  It was clear from that meeting that Commercial, Technology, and Operations are not on the same page.  East Wholesale and West Wholesale Commercial aren't on the same page.  EES Commercial and ENA Commercial aren't on the same page.  EES Marketing and EES Risk may not be on the same page.  Anthony and Beth aren't on the same page.  Sally Beck's organization is organized wholesale vs retail while (at least on the power side) the commercial and technology groups are heading towards organized along commodity lines.  \n\nFor fear of sounding too dramatic ... the success of EES as well as wholesale Services deals is a function of our technology and back office.  Without it we fail.  The cost numbers are huge.  It is a critical point of competitive advantage.\n\nIt was amazing, we had a room full of talented people at this meeting on Friday;  I believe what was standing between us and a successful technology development effort was organization.  We are completely disorganized right now.  There are very few specs that are currently written to support next year's projects.  We have a completely inefficient, decentralized process for working through this stuff.\n\nI have some thoughts that I'd like to share.  It cuts across wholesale and retail.  I think that we need a lead from commercial, technology, and operations for power (and probably gas).  I think the commercial person needs to drive the process and ultimately sign off on spending money for projects.  I think that we need one technologist in charge of all power systems.  I think that we need to look at everyone we have and choose the right person -- not necessarily the people who are currently leading this effort, although Anthony and Beth could be leading contenders.  We need Sally Beck to look at her organization and make sure that it is aligned for maximum likelihood of success.\n\nThe goal of this is not to micromanage each business unit's technology needs.  It is to coordinate and optimize across groups.  We have to make sure that we don't spend money in wholesale and retail and then develop incompatible systems.\n\nHow do you guys want to talk through this?""]"
1,31,1_the_to_of_we,"['the', 'to', 'of', 'we', 'is', 'that', 'for', 'and', 'this', 'in']","['i heard dave\'s voicemail.  i appreciate his concern.  however, i don\'t think that the delineation is easy to do.  i am confident that my team knows what we are good at and what we aren\'t good at.  if we aren\'t best suited to serve the load, we will act like ""one enron"" and send the account over to the them.  the split should really be driven by the customer\'s needs and which utility they are behind.  for example, montana power has a wonderful balancing tariff where the utility looks at the scheduled volume and compares it to the actual volumes and settles directly with the customer for imbalances.  we don\'t do any metering, we don\'t do any unique billing, the loads range anywhere from 1 MW to 25 MW.  ena is definitely best suited to serve these industrials because commodity price is their top interest.  the pugest system is about to open up with a structure that is similar to montana\'s.  ena will be very well positioned to serve this load.  the same company could have a plant in california.  we wouldn\'t serve that load because the expertise needed to manage the ctc risk (before this thing blew up anyway), the challenge of metering and tracking metered volumes on a schedule vs. actual basis, and the load forecasting.  the same company could also own gas stations in the west.  we have no interest in serving gas stations.\n\ni also heard the message attached to dave\'s from scott dann (sp?).  his message did little to open communication between groups.  he provided no details on what the issue was in the west with respect to epmi (ena) and ees.  for us to do this right, ees and ena need to be able to solve problems without involving the office of the chair of each company.  i would be happy to work with anyone from ees to resolve who should be covering which accounts.\n\ni still can\'t think of a clean way to divide customers.  each approach has its problems.  each company (ees and ena) has its strengths.  our strength is commodity pricing and delivering a mw to anywhere on the western grid.  their strength is in tariff analysis, energy management, and aggregating loads.\n\nfor the west, i am confident that chris calger and i can sort out any disputes with ees that are reasonable.  we know what we are good at.  we have a proven track record with a large number of industrials in the west.  i still believe that our customers and shareholders are best served with our favored approach.  it will require better communication on the operating level between ees and ena.', 'I have a concern about Enron\'s forward-looking exposure associated with legacy deals (deals that existed during the June 2000 through the May 2001 price shock).  If Edison gets its way, all customers will pay for Edison\'s under-recovery from June 2000 through January 2001 plus CDWR spot market purchases during 2001.  This would take the form of a surcharge on future bills.  My concern is that Enron will be on the hook for these future charges associated with past under-collections -- even beyond the term of our legacy deals.  For example, if a deal ends in March 2002 we could be on the hook for surcharges that a legacy customer would receive on its bill after that date, provided the surcharge pertained to costs incurred by the utility during the time that the legacy customer was ours.\n\nI have not received clear guidance from legal on this matter.  For example, I asked both Mike Smith and Steve Hall to review the legacy Safeway contract which is on PGES paper.  They both indicated that there is a better chance than not that we are on the hook for these charges, although good arguments could be made that we should not be responsible for them.  Angela Schwarz indicated to me that outside counsel (I\'m not sure who) thinks that we are not on the hook for these charges.\n\nIt is critical that we get clear guidance from legal on these risks.  We are in front of customers now deciding whether or not to go forward with extensions or terminate contracts after the initial term.  Customers are asking us to make changes to our ""change in law"" and ""utility non-performance"" provisions.  If we believe that we are wearing the surcharge risks beyond the term of the existing contract and the customer is willing to take those from us in exchange for changes to the master agreement we would probably be willing to do it.  If we aren\'t currently wearing surcharge risk beyond the term of the existing contract then our negotiating position would be different.\n\nAs you all know, the magnitude of this risk is potentially large as our negative CTC receivable is in the hundreds of millions of dollars.  If the CPUC were to adopt Edison\'s proposal for the entire state, EES\' customers would be responsible for surcharges of the same magnitude.  At this point, I don\'t know whether EES or its customers are on the hook for this risk beyond the term of existing contracts.\n\n\n\nVicki -- could you forward this message to Mike Smith.  I couldn\'t tell which Mike Smith to send it to.', ""Here is my first cut at taking the existing budget numbers to a desk-level.  Here are the key assumptions behind my cost allocations:\nDirect costs for each group went to that group.\nGas Ops was allocated to Houston gas.\nPower Ops was allocated to East and West Power based on commercial headcount.\nMost other costs were allocated to Gas, East Power, West Power, Canada, OOC based on commercial headcount.\nThere are a hundred ways you could do this exercise, I'm not saying that this is the right way, but at least I was able to break the costs down.\n\nI then calculated an EBIT by desk, funded a bonus pool, paid bonuses to all the non-commercial people, and figured out what a bonus pool would look like by desk based on the proforma values.  I am not necessarily saying that this is the way that we should do it, but I think that it is one way to view the world upon which we can make whatever changes/adjustments we deem necessary.  Here are my initial conclusions / reactions:\nThe proforma produces bonuses for commercial employees equal to roughly 6% of their gross margin.\nThis number is high relative to the 1-2% we are used to, but considerably lower than the 8% to 12% that appears to be available in the market.\nOur costs are way too high.  For every dollar of direct commercial expenses there are four dollars of allocations.  That just seems way out of hand.\nThis model sells with lower costs.  With current costs, I have a hard time convincing people in Portland that this looks good relative to people's alternatives.\n\nI think that we need to have a lot of discussions next week on how this new organization would be managed.  I don't see why we couldn't debate, if not nail down, a bunch of things next week.  For example:\nHow do we allocate VAR to the best performing traders and the market that offers the best opportunity at the time?\nDo we need to incent desk heads based on netco earnings while compensate traders based on desk earnings?\nHow will we carve up the bonus pool?  What are our choices?  What gets the VAR to the right places and properly incents teamwork?\nHow do we best manage costs?  How do we send appropriate cost signals for sunk costs?  For variable costs?\nWe need a very strong, professional, operations manager who is steeped in cost accounting, efficiency, quality control, and leadership.  There is a science to operations management that I haven't seen applied at Enron.  For example, what does it cost us to schedule a MW - average and marginal?  What does it cost us to run a book?  What does it cost us to settle transactions?\nWhat package are we going to be able to offer to incent people to stay?  When can we start talking about it?  Who should we discuss this with?\nWhat does our management team look like?  Is it three people?  Five people? Ten people?\n\nI want to make this thing work.  My clear first choice for 2002 is to be on this team.  I want to be as contructive and helpful as possible in achieving this end.  I can't commit unequivically (sp?) until we sort out all of the numbers, I feel like I can sell this to the Portland team, and I know what comp looks like for me and the key people in Portland.  I feel like some adjustments to the proforma and a clear understanding of 2002 comp will probably get us there.\n\nWhen do you want me in Houston (for a visit - not to move)?\n\nTim""]"
2,30,2_fyi_on_me_thoughts,"['fyi', 'on', 'me', 'thoughts', 'play', 'see', 'tim', 'baby', 'would', 'him']","['The old lady says no.   So far, there is 5 power guys that will play if the game is on.', 'me, brad mckay, tych and 3 others would like to take on 6 power hacks in football on Thursday morning.  Touch.', ""Tim\n\nThere is absolutely a spot for John.  Maybe he should give me a call or even \ncome an see me.  Why don't you talk to him and also I would love your \nthoughts on what the best role for him would be.""]"
3,19,3_he_the_we_to,"['he', 'the', 'we', 'to', 'and', 'you', 'is', 'of', 'session', 'would']","[""We were thinking of having another interview session for the Trading Tract later this month.   I've been screening outside resumes but internally we haven't received many suggestions from each of you about other people already at Enron.  If you think anyone could qualify send the name to Karen Buckley.  If we don't have enough candidates, we will wait until the new analysts and associates arrive and do a session then.\n\nLavo"", ""We were thinking of having another interview session for the Trading Tract \nlater this month.   I've been screening outside resumes but internally we \nhaven't received many suggestions from each of you about other people already \nat Enron.  If you think anyone could qualify send the name to Karen Buckley.  \nIf we don't have enough candidates, we will wait until the new analysts and \nassociates arrive and do a session then.\n\nLavo"", 'Many of you know Dale Furrow already.  For those who don\'t, he ran our structuring group in Portland from late 1997 until the middle of 1999.  He\'s an Army Grad, Wharton Grad, went through the Associate program and left Enron as a Director to join Entergy\'s Asset Development group working for Jeff Roberts.  He recently tendered his resignation at Entergy and is on the job market.  He is leaving Entergy on good terms -- he simply decided that he doesn\'t like working there for a variety of reasons.\n\nDale has a great background for many of the EES/EWS work that we are trying to do now.  He was an AWESOME structurer.  He ""gets"" trading.  He was responsible for the development and implementation of Entergy Power Marketing\'s risk systems.  In short, he would be a great catch for us.\n\nI will be in Houston Monday and Tuesday of next week.  I will interview Dale on Tuesday.  I know that Louise and John are in PRC on Tuesday, so they would have to do it later.  Perhaps the rest of us could meet him on Tuesday.  \n\nI don\'t yet have a specific job nailed down for him.  I think that he could run a URM desk (east or west).  He could run the site profile, asset profile, dsm group.  I would expect that he would expect to come in at a VP level.  I know that\'s a high bar and hard to do here, which is why I would want this group of people to meet with him.  I have asked Debra Davidson to contact each of you to coordinate these interviews.\n\nThanks,\nTim']"
4,14,4_that_rogers_in_to,"['that', 'rogers', 'in', 'to', 'contract', 'offer', 'and', '1999', 'we', 'mike']","[""where do we stand now?  last i heard was an e-mail from oxley (which is on lotus notes and not accessible anymore) which said that we don't think that we are going to get there, but hold on for a few more days while we finalize our decision and craft a really nice decline speech.  it's been a few weeks now, and i am checking status.  do you still want to offer him the initial contract?  i doubt he'd take it but i need to know.  what would you change with his proposal that would be acceptable?  i think that mike has taken this negotiation seriously and deserves a timely resolution."", 'I would offer him the initial contract assuming its what I think it is.  I know that we have base salary issues that we would have to deal with.  I basically told everyone to drop it when Mike proposed his numbers.  Again, the offer to you and him were not meant to be insulting but meant to offer something a year early as we did with a handful of other folks.  We naively thought that these would be accepted quickly.  For everyone else that got offered a re-up a year early, they did exactlty that.  \n\nLet me know if you want to discuss it further.', 'Mike and I both negotiated contracts with Jim Fallon that originally started in September of 1999 that were to end in September of 2001.  These original contracts were signed, I believe, in October or November of 1999.  They were both done under Enron Corp.  Then, in the beginning of 2000, the contracts were redrafted and done under ENA and extended through the end of 2001.  I think that you are missing the original doc that was done in 1999 that had a signing bonus.  If you look at Sept 99 to Sep of 01 Mike was paid 434 in year 1 and 3?? in year 2.  I have asked Mike to bring in the original doc from 1999 that had the signing bonus.  Perhaps HR might have a copy as well.']"
5,12,5_west_power_are_east,"['west', 'power', 'are', 'east', 'doing', 'volumes', 'in', 'the', 'and', 'have']","['as a desk that has generated a tremendous amount of cash over the last couple of years and holds vastly more margin from its counterparties than our counterparties are holding of ours, how does this policy change impact us?  i have asked this question every six months for the last two years and the answer has typically been that it is too hard to implement.  with respect to capital, the west power desk has been subsidizing other parts of ena for a while.', ""I have a meeting tomorrow.  Can you tell me what total power demand in in the East and the West and what Enron's volumes are."", ""I have a meeting tomorrow.  Can you tell me what total power demand in in the \nEast and the West and what Enron's volumes are.""]"
6,8,6_kevin_dave_jack_learn,"['kevin', 'dave', 'jack', 'learn', 'you', 'guy', 'john', 'to', 'wants', 'do']","[""I agree  - having some trouble because dave wants ees on your floor giving you no room to grow and I'm fighting that.  Anyhow - soon."", 'Kevin \n\nHas Dave called you on this or do I need to do something.', ""Kevin\n\nCan you settle this guy down.  As well as always whining about his fake trading account, he wants to accellerate out of real time early.  Tell him to do his time and learn.  Also he wanted to go to Harry's group next which is a mistake. He needs to learn the business not the derivatives.\n\nJohn""]"
7,7,7_manager_and_if_you,"['manager', 'and', 'if', 'you', 'please', 'your', 'to', 'have', 'list', 'portland']","[""This spreadsheet should have everything for west power (Portland and San Fran) and for all people in Portland.  I have prepared it in a way so that it can be easily sorted.  Chris and I have reviewed and think that it is complete.\n\nJeanie, could you please ensure that the following people are on a netco list somewhere:\nDan Dietrich\nSteve Walton\nMurray O'Neil\nTerry Donovan\nDale Furrow\n\nAlso, I think that Jeff Dasovich is slated to stay in San Fran to support the west gas desk.  I don't know if anyone has considered retention for him.\n\nFinally, I put numbers down for the IT Development people in Portland.  I have no idea if those numbers are good or not.  Please run them by Steve Nat or compare them to someone in a similar role to see if they make sense.\n\nPS - The outside e-mail address is my home e-mail so that I can review if you need me to discuss later."", ""We have been assigned 24 new Associates, 26 new Anaysts, 8 summer Associates \nand 8 summer Analysts from the incoming class.\n\nPlease let me know your needs with respect to numbers.   Louise and I will \nthen decide if we agree and then we will create a process to pick from the \nones we have assigned to us.  I'm assuming that Calgary, Toronto and Portland \nhave done their own thing and don't need any of these people (let me know if \nthis is incorrect).  \n\nIf you received this and you report to someone else on this list (ie. you \ndon't report to the office of the chair) please cooridinate your needs with \nyour supervisor.\n\nPlease respond prompty,\n\n\nJohn"", ""We have been assigned 24 new Associates, 26 new Anaysts, 8 summer Associates and 8 summer Analysts from the incoming class.\n\nPlease let me know your needs with respect to numbers.   Louise and I will then decide if we agree and then we will create a process to pick from the ones we have assigned to us.  I'm assuming that Calgary, Toronto and Portland have done their own thing and don't need any of these people (let me know if this is incorrect).  \n\nIf you received this and you report to someone else on this list (ie. you don't report to the office of the chair) please cooridinate your needs with your supervisor.\n\nPlease respond prompty,\n\n\nJohn""]"
